,SFR4,SFR21,SFR23,SFR41,SFR44,SFR48,SFR50,SFR52,SFR54,SFR55,SFR63,SFR65,SFR69,SFR76,SFR77,SFR85,SFR93,SFR94,SFA16,SFA30,SFA32,SFA41,SFA42,SFA44,SFA47,SFA48,SFA49,SFA50,SFA51,SFA53,SFA57,SFA60,SFA62,SFA63,SFA71,SFA72,SFA76,SFA77,SFA79,SFA80,SFA84,SFA91,SFA92,SFA93,SFA180,SFA183,SFA184,SFA195,SFA200,SFA202,SFA203,SFA211,SFA214,SFA217,SFA226,CC,N=[NH2+],CO,C,C=C,C1=CC=CC=C1,C1CN1
0,0,1,1,0,1,1,3,5,5,0,5,3,2,3,4,0,3,0,6,0,10,0,0,0,4,5,8,1,4,1,0,3,2,3,0,1,3,2,3,4,0,9,4,2,18,3,0,9,0,0,1,8,0,0,9,3.0,0.0,2.0,2.0,0.0,1.0,0.0
1,0,1,0,0,1,4,7,2,0,1,6,1,1,3,4,0,3,2,5,2,2,0,0,0,3,7,2,3,2,2,0,1,3,4,0,1,5,4,2,0,2,7,6,0,13,4,0,9,0,0,0,11,1,0,2,2.0,0.0,0.0,2.0,0.0,1.0,0.0
2,0,0,0,0,1,6,4,3,0,3,5,2,2,1,3,0,8,8,0,1,18,0,0,0,8,3,8,4,2,0,0,2,2,5,1,0,3,5,1,1,1,8,3,1,24,0,0,12,0,0,0,7,2,0,7,5.0,0.0,0.0,3.0,0.0,1.0,0.0
3,0,0,2,3,0,1,4,4,4,3,2,3,3,5,2,0,6,3,14,0,2,0,0,0,3,6,9,3,1,3,1,1,3,6,0,1,6,6,3,2,0,8,6,0,19,3,2,12,0,0,0,10,2,0,4,4.0,0.0,2.0,2.0,0.0,1.0,0.0
4,1,5,0,1,2,0,5,0,5,3,1,2,5,1,5,0,1,1,5,0,1,1,1,1,0,4,2,3,3,3,2,0,0,3,0,0,7,9,2,1,0,3,1,0,12,1,2,5,2,0,0,7,0,0,5,2.0,0.0,0.0,1.0,0.0,1.0,1.0
5,0,8,2,1,1,0,4,5,4,3,0,3,5,1,2,0,6,3,3,0,1,1,0,0,1,5,3,4,5,2,1,1,3,2,1,0,6,5,1,3,1,8,5,0,16,3,2,7,1,0,0,11,2,0,9,2.0,0.0,0.0,1.0,0.0,1.0,0.0
6,0,0,3,0,0,0,1,1,5,2,4,3,2,1,6,0,4,2,6,0,2,0,0,0,1,7,4,4,1,1,2,0,1,3,1,0,7,6,3,3,0,5,3,1,16,1,1,9,3,0,0,8,1,0,9,4.0,0.0,1.0,3.0,1.0,1.0,0.0
7,0,0,2,0,0,0,6,5,1,0,6,6,1,1,3,0,5,0,4,0,4,0,0,0,8,8,1,1,3,5,0,2,4,5,1,0,2,7,1,2,0,12,3,0,21,2,0,14,0,0,0,9,1,0,6,7.0,0.0,0.0,4.0,1.0,0.0,0.0
8,0,1,5,1,0,1,2,2,4,1,2,3,3,4,5,0,6,1,6,0,3,0,0,0,2,5,3,5,3,4,2,1,1,4,1,1,9,3,5,3,0,4,4,1,16,2,1,7,3,0,0,12,2,0,10,3.0,0.0,3.0,3.0,1.0,1.0,0.0
9,0,3,1,3,0,0,4,2,1,1,1,0,1,1,4,0,6,0,4,1,8,0,0,0,6,4,0,3,2,0,0,5,4,1,3,0,4,3,5,1,0,7,1,0,17,2,0,9,0,0,0,8,3,0,8,5.0,0.0,2.0,3.0,0.0,0.0,0.0
10,0,4,2,1,0,1,6,4,2,6,0,1,3,2,3,0,6,1,4,0,1,0,0,0,4,5,4,4,4,2,0,1,4,3,0,2,7,9,1,2,0,4,0,0,18,1,1,9,1,0,0,7,2,0,5,5.0,0.0,2.0,2.0,0.0,1.0,0.0
11,0,4,3,1,1,0,2,2,3,2,0,1,4,2,2,0,2,0,4,1,0,0,0,1,1,1,1,1,3,5,2,0,1,1,0,0,7,5,3,1,0,4,0,0,8,0,0,3,2,0,0,7,0,0,7,2.0,0.0,0.0,1.0,0.0,1.0,0.0
12,0,2,1,4,0,0,6,7,3,4,2,0,4,2,4,0,2,3,4,0,1,0,0,0,1,10,7,4,2,3,1,1,7,3,0,1,8,6,4,2,0,11,1,0,19,0,1,12,1,0,0,11,4,0,10,6.0,0.0,0.0,3.0,0.0,1.0,0.0
13,0,4,2,1,1,0,2,3,2,0,1,1,5,1,5,0,5,0,5,1,0,1,1,0,1,1,2,3,3,4,2,0,1,2,2,0,6,4,4,2,0,3,0,0,11,1,2,3,2,0,0,7,2,0,8,2.0,0.0,0.0,1.0,0.0,1.0,0.0
14,1,4,1,1,2,0,5,0,1,5,1,2,2,2,5,0,0,1,7,0,1,0,0,1,0,5,1,3,1,7,2,0,0,2,0,0,9,9,1,1,0,2,0,0,10,0,0,6,2,0,0,7,0,0,5,3.0,0.0,0.0,1.0,0.0,1.0,0.0
15,0,1,1,0,1,4,3,3,1,4,2,2,4,4,5,0,3,1,3,1,0,0,0,0,1,2,3,4,2,3,0,2,2,0,3,2,4,1,5,2,0,6,4,0,14,0,1,7,2,1,0,4,4,0,12,4.0,0.0,0.0,2.0,1.0,1.0,0.0
16,0,0,3,2,0,0,4,6,3,1,2,1,2,1,5,0,5,0,6,0,0,0,1,0,2,4,2,3,3,3,1,0,2,4,0,1,5,8,5,0,0,4,0,0,11,0,1,4,1,0,0,10,1,0,5,3.0,0.0,0.0,1.0,0.0,1.0,0.0
17,0,2,0,1,1,1,2,3,1,2,2,3,1,1,4,0,9,1,2,1,1,0,0,0,1,3,3,2,4,5,2,3,3,1,2,1,6,4,1,6,0,7,3,0,14,0,1,7,2,0,0,7,4,0,8,4.0,1.0,0.0,2.0,0.0,1.0,0.0
18,0,0,3,0,0,0,4,4,2,2,0,3,2,1,4,0,5,1,3,0,2,0,0,0,0,7,2,7,1,1,2,0,3,0,1,0,7,4,3,3,0,5,3,1,14,1,1,5,3,0,0,12,1,0,9,3.0,0.0,1.0,3.0,1.0,1.0,0.0
19,0,1,1,1,0,0,3,3,2,1,3,3,0,0,6,0,3,1,4,1,2,0,0,0,1,4,3,5,1,4,0,0,2,1,0,0,3,6,2,2,0,6,4,0,13,0,2,6,1,1,0,6,1,0,7,3.0,0.0,0.0,2.0,0.0,1.0,0.0
20,0,7,0,2,0,0,2,3,1,0,0,4,5,1,3,0,5,4,9,0,1,0,0,0,0,6,3,3,5,2,1,0,5,1,0,1,10,7,2,0,0,4,0,0,13,1,1,3,1,0,0,14,1,0,7,4.0,0.0,2.0,2.0,0.0,1.0,0.0
21,0,2,0,0,0,0,4,3,6,2,2,3,4,0,2,0,9,4,0,0,19,0,0,0,10,6,3,3,1,0,2,3,3,3,2,2,3,4,4,5,0,17,7,2,24,0,0,16,1,0,0,11,2,0,12,5.0,0.0,0.0,3.0,0.0,0.0,0.0
22,0,0,4,0,2,0,0,4,1,3,1,2,3,0,1,0,1,2,0,0,8,0,0,0,3,4,7,3,1,0,1,2,0,2,2,2,3,7,2,2,0,11,2,0,15,2,0,7,1,0,0,10,1,0,8,2.0,0.0,0.0,2.0,0.0,0.0,0.0
23,0,2,0,0,0,0,3,3,8,0,1,2,4,0,4,0,10,2,0,1,17,0,0,0,5,10,2,1,1,2,2,3,0,5,1,0,1,4,3,5,1,15,3,2,23,0,0,15,0,0,0,11,1,0,9,4.0,0.0,0.0,3.0,1.0,0.0,0.0
24,0,1,2,1,1,0,4,3,3,1,0,4,5,0,0,0,3,0,3,0,4,0,0,0,1,6,7,3,0,1,2,0,3,2,1,0,7,2,7,4,0,8,0,0,16,1,1,9,3,0,0,7,1,0,12,5.0,0.0,1.0,4.0,1.0,0.0,0.0
25,0,0,1,0,1,0,0,2,5,1,2,1,3,1,1,0,3,0,2,1,9,0,0,0,3,7,0,2,5,0,0,4,0,1,3,0,0,2,6,3,1,11,4,1,17,2,0,12,0,0,1,5,0,1,7,5.0,0.0,0.0,3.0,0.0,0.0,0.0
26,0,2,2,0,0,0,5,7,2,1,1,5,3,1,2,0,4,0,5,0,1,0,0,0,1,4,1,3,5,2,2,0,4,0,0,1,7,2,3,0,0,6,3,0,10,1,1,2,1,0,0,10,2,0,7,2.0,0.0,0.0,2.0,0.0,1.0,0.0
27,0,3,1,1,0,0,1,5,1,2,5,2,0,1,7,0,2,0,4,1,7,0,0,0,4,3,5,2,3,1,0,1,5,3,0,0,6,7,1,0,0,0,0,0,13,1,0,7,0,0,0,8,0,0,4,2.0,0.0,0.0,1.0,0.0,1.0,0.0
28,0,0,2,0,0,0,7,6,3,0,6,1,2,2,5,1,9,4,4,0,0,0,0,0,2,9,3,4,1,1,1,0,6,3,1,2,6,2,4,3,0,9,4,3,17,0,2,8,0,0,0,11,1,0,5,5.0,0.0,0.0,3.0,0.0,1.0,0.0
29,0,0,3,0,0,0,6,6,1,3,0,0,4,1,4,0,6,1,8,0,2,1,0,0,3,5,3,5,3,0,1,0,4,2,1,0,6,7,0,1,0,5,2,0,14,2,2,5,0,0,0,12,1,0,4,2.0,0.0,0.0,1.0,0.0,1.0,1.0
30,0,2,1,1,0,0,3,6,2,2,6,2,2,0,4,0,7,1,0,0,20,0,0,0,5,8,4,5,1,0,0,1,1,2,0,1,2,3,4,3,1,9,5,1,19,0,0,14,0,0,0,12,1,0,11,4.0,0.0,0.0,2.0,0.0,1.0,0.0
31,0,2,1,1,0,1,2,2,1,1,4,1,2,2,6,0,7,2,2,1,4,0,0,0,2,6,3,3,2,1,1,3,3,2,1,0,3,2,1,1,1,8,4,0,15,1,0,10,1,0,0,7,1,0,7,4.0,0.0,0.0,2.0,1.0,1.0,0.0
32,0,2,1,2,1,0,2,4,6,1,1,3,3,1,3,0,4,2,6,0,2,0,1,1,1,2,3,4,2,5,0,0,0,4,0,0,6,5,3,3,0,7,2,0,11,0,2,4,1,0,1,8,1,0,8,3.0,0.0,0.0,2.0,0.0,1.0,0.0
33,0,0,0,1,0,2,4,7,1,3,2,3,1,5,3,0,7,1,5,0,0,0,0,0,2,7,3,2,6,4,2,1,6,0,1,1,6,5,1,3,0,8,3,0,18,0,1,7,1,0,0,11,2,0,7,6.0,0.0,0.0,2.0,0.0,1.0,0.0
34,0,4,1,2,2,0,2,2,3,1,1,4,4,0,1,0,3,0,4,0,2,0,0,0,2,6,1,1,2,0,1,2,1,2,1,0,2,5,3,1,0,9,6,0,11,4,0,9,0,0,0,8,4,0,8,2.0,0.0,0.0,2.0,0.0,0.0,0.0
35,0,2,0,0,0,2,3,3,3,3,4,2,3,1,3,0,10,2,0,1,17,0,0,0,9,5,4,4,1,1,2,4,1,3,1,1,0,8,1,3,1,13,8,2,25,0,0,16,0,0,0,11,1,0,8,5.0,0.0,0.0,3.0,1.0,0.0,0.0
36,0,2,2,2,0,2,1,5,3,3,2,2,1,6,3,0,8,1,5,0,2,0,0,0,3,2,7,1,4,5,2,3,2,4,1,1,7,6,1,4,0,8,2,0,16,1,1,8,1,0,0,8,3,0,5,4.0,1.0,2.0,2.0,0.0,1.0,0.0
37,0,0,1,0,1,0,1,1,2,3,2,2,3,1,1,0,4,0,3,1,6,0,0,0,3,4,1,2,3,0,0,4,1,0,1,0,0,5,1,5,0,10,4,0,16,3,0,9,0,0,1,4,1,0,6,4.0,0.0,0.0,3.0,0.0,0.0,0.0
38,0,1,3,1,0,0,5,0,4,2,5,1,0,3,6,0,6,3,7,0,2,0,0,0,2,7,3,4,6,4,0,2,5,3,2,5,5,2,3,1,2,10,1,0,19,2,0,9,1,0,0,11,3,0,9,5.0,0.0,2.0,3.0,0.0,1.0,0.0
39,0,0,2,1,0,2,2,3,4,2,5,1,4,7,3,0,1,3,6,0,1,0,0,0,2,3,3,8,0,2,0,3,2,1,3,0,3,6,6,1,0,7,2,0,15,0,2,8,3,0,0,8,1,0,10,4.0,0.0,2.0,2.0,1.0,1.0,0.0
40,0,0,2,0,1,1,2,3,3,4,5,1,4,1,5,0,8,0,2,0,12,0,0,0,6,6,5,2,4,0,1,2,3,4,2,0,0,2,2,6,0,8,7,1,17,2,0,13,0,0,1,8,1,0,7,3.0,0.0,0.0,2.0,0.0,1.0,0.0
41,0,0,1,0,0,1,4,6,3,2,5,2,2,2,5,0,4,2,3,0,1,0,0,0,1,5,3,3,4,2,1,2,3,1,0,2,8,1,1,1,0,7,3,1,14,0,1,5,1,0,0,10,1,0,6,4.0,0.0,0.0,2.0,1.0,1.0,0.0
42,0,0,1,0,0,1,6,5,5,2,0,1,3,1,4,0,4,0,7,0,1,0,0,0,0,3,6,3,3,3,0,1,2,3,0,1,8,1,4,2,0,9,2,1,11,1,1,4,2,0,0,7,1,0,8,2.0,0.0,0.0,2.0,0.0,1.0,0.0
43,0,0,1,0,0,0,1,5,5,0,2,3,1,0,2,0,3,0,0,0,12,0,0,0,6,4,4,0,2,0,0,2,3,4,1,0,12,5,1,1,0,1,0,0,17,0,0,10,0,0,0,12,4,0,2,2.0,0.0,1.0,2.0,0.0,0.0,0.0
44,0,1,1,0,1,5,3,5,3,1,4,2,3,1,6,1,5,2,0,1,11,0,0,0,7,1,6,5,4,2,0,1,2,4,1,0,4,7,2,1,0,7,4,1,17,3,0,8,1,0,0,14,4,0,10,3.0,0.0,0.0,1.0,0.0,1.0,0.0
45,0,2,0,1,0,1,4,5,1,2,1,2,1,0,4,0,11,0,9,0,1,0,0,0,1,5,7,0,1,4,0,2,3,2,0,3,2,4,5,1,0,12,4,1,16,0,2,9,1,0,0,7,3,0,6,6.0,0.0,0.0,3.0,1.0,0.0,0.0
46,0,3,2,1,2,0,3,2,2,1,1,2,3,0,1,0,3,1,4,0,2,0,0,0,2,7,3,1,0,4,2,2,1,2,1,1,3,4,2,1,2,8,7,1,13,2,0,9,2,0,0,9,2,0,9,2.0,0.0,0.0,2.0,0.0,0.0,0.0
47,0,0,4,0,0,0,2,1,4,4,0,1,2,0,0,0,14,1,4,0,5,0,0,0,2,6,1,5,3,3,0,2,1,2,0,2,2,1,6,3,0,11,6,7,15,2,0,8,2,0,0,6,3,0,9,2.0,0.0,0.0,2.0,0.0,0.0,0.0
48,0,3,3,0,0,0,6,4,4,4,2,1,5,2,4,2,7,5,4,0,1,0,0,0,1,8,2,5,4,2,2,1,4,3,0,0,8,3,3,2,0,10,3,1,17,2,2,8,2,0,0,10,0,0,11,3.0,0.0,0.0,1.0,0.0,1.0,0.0
49,0,0,2,0,1,1,0,1,2,4,3,0,1,1,1,0,3,0,2,0,9,0,0,0,3,6,1,0,3,0,0,4,0,0,4,0,1,1,3,5,2,12,2,1,17,3,0,11,0,0,1,4,1,1,9,4.0,0.0,0.0,3.0,1.0,0.0,0.0
50,0,1,2,3,0,0,9,4,2,4,7,3,5,2,6,0,7,1,8,0,1,0,0,0,1,6,4,5,5,2,0,1,9,2,1,1,8,6,3,1,0,6,0,0,18,2,1,9,2,0,0,8,1,0,7,4.0,0.0,2.0,2.0,0.0,1.0,0.0
51,1,1,0,1,0,0,0,4,2,1,0,5,2,0,3,0,0,0,10,0,0,0,0,0,0,1,3,5,3,0,0,0,2,3,0,1,5,3,3,1,0,3,0,0,8,1,0,4,1,0,0,5,1,0,6,3.0,0.0,0.0,2.0,0.0,0.0,0.0
52,0,0,1,0,0,1,3,2,6,1,5,4,1,3,7,0,6,0,7,0,2,0,0,0,2,7,3,2,1,1,1,2,1,3,0,1,6,4,2,2,1,7,5,0,16,0,1,10,1,0,0,5,3,0,5,5.0,0.0,0.0,2.0,1.0,1.0,0.0
53,0,2,0,1,0,1,4,6,2,1,1,1,0,2,5,0,7,1,2,0,1,0,0,0,1,5,4,3,3,4,2,3,5,0,1,1,6,5,1,4,0,8,2,0,14,0,1,6,1,0,0,10,3,0,5,4.0,1.0,0.0,2.0,0.0,1.0,0.0
54,1,3,1,3,2,0,1,0,7,0,0,1,1,1,3,0,5,1,5,0,0,1,1,0,0,1,3,3,3,3,2,0,0,3,0,0,8,5,0,2,0,1,0,0,11,1,2,3,3,0,0,8,0,0,5,2.0,0.0,0.0,1.0,0.0,1.0,0.0
55,0,0,0,1,0,0,3,6,1,1,2,2,2,1,2,0,5,0,0,0,13,0,0,0,3,4,5,6,1,3,0,2,3,0,3,3,3,7,2,2,1,11,1,0,19,0,0,7,0,0,0,8,5,0,5,2.0,0.0,1.0,2.0,0.0,0.0,0.0
56,0,2,0,1,0,0,4,4,2,2,6,3,3,1,3,0,4,0,0,0,20,0,0,0,7,6,8,1,2,0,0,1,5,2,0,0,4,6,4,2,0,11,1,0,19,0,0,10,0,0,0,11,1,0,10,1.0,0.0,0.0,2.0,0.0,1.0,0.0
57,0,1,2,2,0,0,4,5,1,3,4,4,4,0,7,0,7,3,6,0,0,0,0,0,4,10,7,2,2,1,0,1,4,5,2,1,6,5,0,8,1,15,5,1,20,3,1,16,0,0,0,10,3,0,10,5.0,0.0,0.0,2.0,0.0,1.0,0.0
58,0,3,1,2,1,1,1,3,1,3,2,2,2,1,3,0,8,2,5,0,1,1,1,0,1,5,3,1,1,1,2,2,1,2,2,0,2,5,2,3,0,10,1,2,13,1,3,7,1,0,0,8,3,0,9,3.0,0.0,0.0,1.0,1.0,0.0,0.0
59,0,3,2,2,0,1,7,4,5,2,3,1,3,3,4,0,4,2,3,0,3,0,0,0,6,5,3,5,4,3,1,2,4,3,2,0,12,6,2,1,0,1,0,0,19,1,0,11,1,0,0,10,2,0,5,5.0,0.0,0.0,2.0,0.0,1.0,0.0
60,0,2,2,4,0,0,4,5,2,2,3,3,2,0,4,0,12,2,5,1,1,0,0,0,1,9,6,3,1,2,0,1,4,4,1,1,3,5,1,4,1,14,1,2,17,3,1,14,1,0,0,8,4,0,9,4.0,0.0,0.0,2.0,0.0,1.0,0.0
61,0,0,0,1,0,1,4,5,2,3,0,2,0,4,3,0,6,1,3,0,1,0,0,0,1,6,3,2,5,4,2,2,4,0,2,0,5,5,2,2,0,9,3,0,16,0,1,6,1,0,0,10,1,0,8,5.0,0.0,0.0,2.0,1.0,1.0,0.0
62,0,0,2,2,0,0,4,3,4,2,5,5,2,2,6,0,7,3,14,0,0,0,0,0,4,7,7,3,0,0,1,0,4,4,0,1,6,8,3,2,0,8,6,0,19,2,2,14,0,0,0,8,2,0,3,5.0,0.0,0.0,2.0,0.0,1.0,0.0
63,0,1,0,0,0,1,0,3,1,3,4,3,5,0,2,0,10,1,0,0,10,0,0,0,5,4,4,3,1,2,0,5,1,3,2,3,1,7,4,3,0,18,2,0,18,2,0,12,2,0,0,11,5,0,9,3.0,0.0,0.0,2.0,1.0,0.0,0.0
64,0,2,1,0,1,6,5,3,2,3,3,1,3,0,4,1,4,8,0,1,19,0,0,0,9,6,1,4,6,2,1,2,0,5,3,1,2,3,6,3,0,13,8,4,21,0,0,12,0,0,0,12,5,0,12,3.0,0.0,0.0,2.0,0.0,1.0,0.0
65,0,2,1,1,0,1,2,5,3,2,2,3,1,2,5,0,7,1,2,0,2,0,0,0,1,3,4,2,4,6,2,3,2,3,1,1,8,5,1,4,0,8,2,0,14,0,2,7,1,0,0,8,3,0,5,4.0,1.0,0.0,2.0,0.0,1.0,0.0
66,0,0,2,2,2,0,1,3,4,1,1,2,4,1,2,0,6,3,6,1,1,0,1,1,1,1,3,4,2,4,0,0,1,1,0,0,2,5,2,3,0,7,2,0,11,0,1,4,0,0,1,6,1,0,10,3.0,0.0,0.0,2.0,0.0,1.0,0.0
67,0,0,2,1,2,0,1,2,4,2,1,3,3,0,3,0,5,2,7,1,1,0,1,1,1,2,3,3,2,4,0,0,2,1,1,0,4,5,2,2,0,6,3,0,11,0,1,4,0,0,1,7,2,0,7,3.0,0.0,0.0,2.0,0.0,1.0,0.0
68,0,1,1,1,0,1,6,7,4,1,5,1,1,1,6,0,3,4,5,0,1,0,0,0,1,5,4,1,5,2,0,1,5,0,2,0,5,4,2,1,0,10,2,1,13,0,1,6,0,0,0,10,2,0,7,4.0,0.0,1.0,2.0,0.0,1.0,0.0
69,0,0,3,2,0,0,6,2,0,5,4,6,2,0,7,2,4,8,6,0,0,1,0,0,3,8,2,3,3,2,0,1,2,7,0,0,8,4,3,1,0,7,5,2,19,2,2,9,2,0,0,10,1,0,8,4.0,0.0,0.0,1.0,0.0,1.0,0.0
70,0,0,4,1,0,1,2,4,4,2,5,4,4,3,4,1,4,7,7,0,1,1,1,0,2,5,5,2,2,1,2,0,1,5,1,0,5,10,1,2,0,10,5,0,15,1,3,8,1,0,0,11,2,0,7,3.0,0.0,0.0,1.0,0.0,1.0,0.0
71,0,0,1,0,0,1,3,0,6,1,5,4,1,5,5,0,4,1,7,0,1,0,0,0,2,6,3,3,1,4,1,2,0,3,0,2,5,6,2,2,0,7,5,0,16,0,1,10,1,0,0,4,1,0,6,5.0,0.0,0.0,2.0,1.0,1.0,0.0
72,0,1,1,0,1,1,1,4,2,2,3,3,4,0,3,0,9,0,4,0,11,0,0,0,9,5,1,0,4,3,0,2,2,2,0,1,2,3,5,1,0,7,8,3,20,3,0,14,0,0,1,6,2,0,7,5.0,0.0,0.0,4.0,1.0,0.0,0.0
73,0,4,1,0,1,4,2,2,1,3,4,4,4,4,4,0,7,0,4,1,1,0,0,0,1,6,1,3,5,3,1,1,2,3,0,0,6,4,3,4,2,9,5,0,17,3,1,7,1,0,0,7,1,0,10,3.0,0.0,0.0,1.0,0.0,1.0,0.0
74,0,9,2,3,0,1,5,6,0,6,2,1,1,2,3,0,7,2,5,0,3,0,0,0,2,6,4,4,2,3,0,2,5,2,1,1,7,9,0,2,0,7,0,0,17,1,1,5,1,0,0,12,2,0,7,5.0,0.0,2.0,2.0,1.0,1.0,0.0
75,0,1,3,1,0,1,1,5,4,2,2,4,3,3,4,0,3,2,8,0,2,0,0,0,2,2,1,7,2,4,2,1,1,1,0,1,3,6,4,0,0,6,3,0,12,1,2,4,3,0,0,8,2,0,7,2.0,0.0,2.0,2.0,0.0,1.0,0.0
76,0,2,0,0,0,5,6,4,4,4,8,2,2,2,6,0,10,1,1,2,13,0,0,0,6,7,4,4,4,0,0,4,0,5,0,1,0,3,6,1,3,14,5,1,20,1,0,14,0,1,0,8,2,1,7,6.0,0.0,0.0,3.0,0.0,1.0,0.0
77,0,2,1,1,0,1,1,4,4,1,5,4,1,2,8,0,5,1,5,0,1,0,0,0,4,3,6,0,4,4,2,3,3,2,1,1,8,6,1,4,0,8,2,0,16,0,1,10,1,0,0,7,3,0,5,5.0,1.0,0.0,2.0,0.0,1.0,0.0
78,0,0,3,0,1,0,0,4,4,5,2,0,1,1,1,0,4,2,2,1,13,0,0,0,1,7,4,3,4,0,0,1,0,0,1,0,1,6,5,4,0,10,4,0,16,2,0,8,0,1,0,9,1,0,12,3.0,0.0,0.0,2.0,0.0,1.0,0.0
79,0,0,4,0,0,1,6,3,4,1,6,1,1,2,9,2,5,1,7,0,2,2,0,0,3,5,3,3,4,2,4,1,3,2,3,0,8,6,3,2,2,6,3,3,18,2,3,7,4,0,0,11,2,0,9,3.0,0.0,2.0,1.0,0.0,1.0,0.0
80,0,1,1,1,0,0,2,2,1,2,4,4,2,0,4,0,7,0,4,0,4,0,0,0,5,4,3,4,3,0,0,1,4,2,0,1,5,4,1,2,0,8,2,0,15,1,0,10,1,0,0,9,1,0,7,3.0,0.0,0.0,2.0,0.0,1.0,0.0
81,0,2,0,1,1,1,1,6,0,2,3,3,5,2,4,0,5,7,2,1,1,0,0,0,1,2,4,3,4,1,0,3,2,1,0,0,5,4,1,2,0,8,2,0,14,0,1,6,2,0,0,9,1,0,9,4.0,1.0,0.0,2.0,0.0,1.0,0.0
82,0,2,1,0,1,3,1,6,4,3,1,2,7,2,1,0,13,3,0,1,20,0,0,0,8,4,3,8,5,2,0,2,0,3,3,0,3,4,9,3,0,15,5,5,21,0,0,13,0,0,0,16,4,0,14,3.0,0.0,0.0,2.0,0.0,1.0,0.0
83,0,0,1,2,1,0,0,1,6,1,4,3,4,2,6,0,3,1,9,0,1,0,1,1,3,3,5,2,2,2,0,0,0,3,0,0,6,8,2,3,0,7,2,0,13,0,1,7,0,0,1,6,1,0,8,4.0,0.0,0.0,2.0,0.0,1.0,0.0
84,0,0,2,0,1,0,1,3,3,6,5,0,5,1,6,0,4,2,3,0,11,0,0,0,5,5,6,1,5,0,1,2,3,4,3,0,0,1,3,4,0,9,6,1,18,2,0,11,0,0,1,8,1,0,8,4.0,0.0,0.0,2.0,0.0,1.0,0.0
85,0,1,2,2,1,0,2,4,3,2,0,3,6,1,8,0,0,0,0,0,6,0,0,0,2,7,3,3,2,3,1,1,2,4,0,0,8,6,4,0,0,1,0,0,17,1,0,6,1,0,0,11,0,0,8,3.0,0.0,1.0,2.0,0.0,0.0,0.0
86,0,0,1,0,1,1,0,2,4,2,2,2,3,1,4,0,4,0,2,0,11,0,0,0,3,8,0,2,5,0,0,5,0,1,1,0,0,2,5,4,1,13,2,1,19,2,0,12,0,1,0,6,0,1,9,5.0,0.0,0.0,3.0,1.0,0.0,0.0
87,1,4,0,2,2,0,5,0,4,4,1,1,5,0,6,1,2,1,5,0,1,1,1,1,0,4,3,2,2,2,2,0,0,4,0,0,10,6,1,2,0,3,1,0,12,1,2,5,2,0,0,7,1,0,5,2.0,0.0,0.0,1.0,0.0,1.0,1.0
88,0,2,0,1,0,0,1,6,4,1,6,3,0,1,7,0,5,0,9,0,3,0,0,0,1,4,11,4,3,0,0,1,4,0,0,1,4,3,2,2,0,9,6,1,15,1,0,7,1,0,0,11,1,0,9,2.0,0.0,0.0,2.0,0.0,1.0,0.0
89,1,0,0,1,1,0,2,2,3,2,0,5,2,0,3,0,0,0,8,0,1,1,0,0,2,1,2,4,0,1,2,0,1,2,1,0,5,1,2,0,0,0,0,0,9,1,2,5,1,0,0,6,1,0,4,2.0,0.0,0.0,1.0,0.0,0.0,0.0
90,0,0,2,0,0,0,4,6,0,3,2,1,2,0,6,0,0,1,0,0,10,0,0,0,8,2,3,0,2,4,0,2,2,5,0,0,7,5,2,0,0,3,1,0,16,2,0,8,0,0,0,7,1,0,5,2.0,0.0,0.0,2.0,0.0,0.0,0.0
91,0,2,0,0,0,3,3,4,6,4,1,2,3,2,2,0,7,4,0,0,20,0,0,0,11,6,4,2,3,0,2,4,3,3,2,2,2,5,3,5,0,17,7,2,26,0,0,16,1,0,0,10,1,0,11,6.0,0.0,0.0,3.0,0.0,0.0,0.0
92,0,0,2,0,0,1,1,2,2,2,3,2,4,1,6,0,7,2,6,0,3,0,0,0,3,6,4,6,1,1,0,1,4,3,1,0,7,3,4,1,0,6,4,1,15,1,1,9,2,0,0,10,1,0,10,3.0,0.0,2.0,3.0,1.0,1.0,0.0
93,0,2,0,0,0,1,3,2,6,0,2,3,4,1,4,0,9,2,0,1,19,0,0,0,9,8,1,3,2,0,1,5,1,4,2,0,0,7,5,2,0,15,7,4,25,1,0,16,2,0,0,11,2,0,8,5.0,0.0,0.0,3.0,1.0,0.0,0.0
94,0,4,3,0,1,0,1,2,2,2,0,4,5,1,3,0,6,3,3,1,2,0,0,0,0,4,2,6,1,1,2,0,1,0,1,0,4,4,3,3,0,5,3,1,14,1,1,6,4,0,0,8,1,0,11,3.0,0.0,1.0,3.0,1.0,1.0,0.0
95,0,0,2,0,1,0,0,3,3,3,1,0,1,1,0,0,1,0,6,0,5,0,0,0,2,2,6,0,3,2,0,2,0,0,3,1,0,2,1,7,0,8,4,0,14,3,0,6,0,0,0,5,3,1,10,3.0,0.0,0.0,3.0,0.0,0.0,0.0
96,1,1,1,1,0,0,3,2,2,1,0,3,1,0,2,0,1,0,3,0,3,0,0,0,1,6,7,2,0,3,1,1,4,1,2,0,5,3,6,2,0,5,1,0,16,2,0,9,2,0,0,7,2,0,11,5.0,0.0,1.0,3.0,0.0,0.0,0.0
97,1,5,0,1,2,0,1,0,1,2,0,4,2,2,2,0,2,0,4,0,0,0,0,1,0,1,4,1,4,4,2,0,0,4,0,0,11,5,1,1,0,2,0,0,8,0,0,2,2,0,0,11,0,0,4,2.0,0.0,0.0,1.0,0.0,1.0,0.0
98,0,1,2,0,1,2,0,5,5,1,4,4,2,3,3,0,4,0,3,0,10,0,0,0,5,6,5,3,5,0,0,1,1,2,0,0,4,2,4,4,0,8,5,1,19,2,0,10,0,0,1,8,0,0,10,4.0,0.0,0.0,2.0,0.0,1.0,0.0
99,0,0,2,0,1,0,0,4,2,4,5,0,6,1,6,0,9,0,2,0,6,0,0,0,2,5,5,5,4,0,1,2,4,0,1,0,2,0,8,7,1,6,7,3,16,1,0,11,0,0,1,7,0,0,11,4.0,0.0,0.0,2.0,1.0,1.0,0.0
100,0,1,1,0,1,0,1,4,6,2,8,1,4,1,6,0,8,2,2,0,13,0,0,0,5,8,4,3,3,2,0,2,3,4,4,1,0,3,3,5,0,13,2,3,19,2,0,11,0,0,1,9,3,1,7,5.0,0.0,0.0,3.0,0.0,1.0,0.0
101,0,0,1,0,1,0,0,4,5,1,5,0,3,1,4,0,6,0,3,0,10,0,0,0,4,4,8,0,5,0,0,1,3,0,0,0,0,2,3,4,0,9,4,1,16,2,0,8,0,0,1,8,0,0,10,3.0,0.0,0.0,2.0,0.0,1.0,0.0
102,0,0,2,0,1,2,0,4,5,2,5,0,5,2,7,0,9,1,2,0,5,0,0,0,2,4,7,5,3,3,0,3,3,1,6,2,3,2,4,2,2,7,7,3,20,0,1,10,0,0,1,7,4,0,9,6.0,0.0,0.0,2.0,1.0,1.0,0.0
103,0,1,1,0,1,2,4,3,1,4,0,5,4,4,2,0,5,0,2,1,1,0,0,0,1,2,4,0,5,6,2,3,1,1,3,1,4,5,1,5,0,8,4,0,14,0,1,7,1,0,0,6,3,0,7,4.0,1.0,0.0,2.0,0.0,1.0,0.0
104,1,1,0,2,0,0,0,2,4,0,0,4,2,0,4,0,0,0,8,0,0,0,0,0,0,3,4,3,2,0,1,0,2,3,0,0,4,3,1,3,0,2,0,0,10,0,2,4,2,0,0,5,1,0,5,3.0,0.0,1.0,2.0,0.0,0.0,0.0
105,0,2,1,0,1,4,3,3,3,3,4,2,4,2,5,0,1,2,8,1,2,1,0,0,3,2,3,4,2,1,1,0,1,2,1,0,4,7,0,3,0,6,4,0,14,2,2,6,0,0,0,8,1,0,5,2.0,0.0,0.0,1.0,0.0,1.0,1.0
106,0,0,1,0,1,1,1,2,2,3,2,2,3,1,4,0,3,0,5,0,10,0,0,0,4,6,1,2,3,0,0,7,1,1,1,1,1,3,1,3,1,12,4,0,19,3,0,11,0,0,1,5,2,0,8,5.0,0.0,0.0,3.0,1.0,0.0,0.0
107,0,0,2,2,0,0,3,3,3,1,8,3,1,1,10,1,6,6,7,0,0,0,0,0,5,6,6,1,2,2,1,0,5,4,1,3,9,2,4,3,0,9,4,3,19,0,2,12,0,0,0,8,2,0,5,6.0,0.0,0.0,3.0,0.0,1.0,0.0
108,0,3,1,0,1,2,5,2,2,2,2,6,4,3,4,0,2,1,2,1,0,1,1,1,0,1,1,1,3,1,2,0,1,2,0,0,5,5,2,1,0,5,2,0,10,1,2,3,2,0,1,4,3,0,7,1.0,0.0,0.0,1.0,0.0,1.0,1.0
109,0,3,0,0,0,1,6,3,5,1,6,1,1,2,6,1,10,10,0,0,29,0,0,0,9,13,4,2,3,0,1,2,1,8,0,2,2,5,2,4,0,13,10,3,25,0,0,17,0,0,0,17,2,0,7,5.0,0.0,0.0,3.0,0.0,1.0,0.0
110,1,5,1,1,1,0,5,0,4,1,0,1,1,1,7,0,4,0,8,0,1,1,1,0,1,4,2,5,2,6,2,0,0,3,0,0,7,8,0,2,0,1,0,0,14,1,2,6,2,0,0,8,0,0,4,3.0,0.0,0.0,1.0,0.0,1.0,0.0
111,0,5,0,2,0,1,5,4,4,5,6,3,2,1,7,0,7,7,0,0,21,0,0,0,12,7,2,5,3,2,0,3,2,7,3,0,6,3,4,4,0,10,9,4,24,0,0,16,0,0,0,14,3,0,10,4.0,0.0,0.0,2.0,0.0,1.0,0.0
112,0,1,2,2,0,0,5,4,5,4,3,3,3,1,6,0,5,1,4,0,2,0,0,0,1,9,6,6,2,4,0,0,5,3,1,1,12,1,5,3,0,12,1,0,21,2,0,12,1,0,0,11,2,0,10,6.0,0.0,2.0,3.0,0.0,1.0,0.0
113,0,0,3,1,0,1,3,6,2,2,4,6,3,3,5,0,3,0,8,0,2,0,0,0,2,3,1,7,2,2,2,1,2,1,0,1,7,3,1,1,0,6,3,0,12,1,2,4,2,0,0,10,4,0,6,2.0,0.0,2.0,2.0,0.0,1.0,0.0
114,0,0,1,0,0,0,4,6,3,3,4,1,3,2,5,0,4,2,4,1,0,0,0,0,1,4,2,3,5,2,2,2,3,0,0,2,6,3,1,1,0,8,3,0,13,0,1,5,1,0,0,9,1,0,6,4.0,0.0,0.0,2.0,0.0,1.0,0.0
115,0,3,1,0,1,4,6,3,2,3,3,5,2,0,3,0,6,6,4,1,1,1,0,0,1,4,3,3,4,4,1,1,3,3,1,0,4,5,1,3,1,10,1,2,14,2,2,7,2,0,0,9,3,0,3,2.0,0.0,0.0,1.0,0.0,1.0,0.0
116,1,6,1,1,2,0,0,0,4,0,0,3,1,1,4,0,4,0,5,0,0,1,1,0,0,1,5,3,5,2,2,0,0,5,0,0,10,4,0,2,0,1,0,0,12,1,2,2,2,0,0,10,0,0,4,2.0,0.0,0.0,1.0,0.0,1.0,0.0
117,0,3,3,1,1,0,4,4,1,2,0,2,2,0,3,1,8,1,8,1,2,1,0,0,3,3,2,4,3,1,1,0,3,2,1,1,6,6,0,3,0,6,2,0,14,2,2,6,1,0,0,9,2,0,6,2.0,0.0,0.0,1.0,0.0,1.0,1.0
118,0,2,0,1,0,3,4,1,2,2,7,1,2,1,5,0,13,3,5,0,9,0,0,0,8,5,6,4,3,1,0,3,4,3,1,0,3,3,3,1,0,9,8,4,19,3,0,11,0,0,0,11,2,0,7,5.0,0.0,2.0,3.0,0.0,1.0,0.0
119,0,1,1,1,0,2,3,8,2,2,4,1,3,4,8,0,4,3,7,0,1,0,0,0,3,4,7,3,1,1,2,3,3,2,0,0,5,6,1,2,0,7,3,0,15,0,1,5,1,0,0,14,1,0,7,4.0,0.0,2.0,2.0,0.0,1.0,0.0
120,0,0,0,0,0,7,3,2,5,1,5,4,2,4,6,0,6,1,3,1,7,0,0,0,5,6,1,3,5,3,0,2,1,4,0,0,5,2,6,3,1,11,2,2,17,2,0,10,0,0,0,9,3,0,7,5.0,0.0,0.0,3.0,0.0,1.0,0.0
121,0,0,2,0,1,0,4,3,3,0,4,1,3,2,3,2,7,3,4,1,0,0,0,0,2,6,3,3,1,1,1,0,4,3,1,2,4,2,3,4,0,8,4,3,17,0,2,9,1,0,0,7,2,0,7,5.0,0.0,0.0,3.0,0.0,1.0,0.0
122,1,3,0,3,2,0,2,0,5,2,0,2,4,1,1,0,3,1,2,0,0,1,1,1,0,1,2,1,5,1,2,0,0,3,0,0,5,8,2,1,0,3,1,0,10,1,2,3,3,0,0,7,0,0,5,1.0,0.0,0.0,1.0,0.0,1.0,1.0
123,0,3,0,1,0,0,6,5,2,1,5,3,3,0,7,0,6,3,3,1,7,0,0,0,6,1,8,0,3,0,0,1,2,8,1,1,3,3,5,1,1,6,2,2,14,1,0,9,0,0,0,10,2,0,8,3.0,0.0,1.0,3.0,1.0,1.0,0.0
124,0,0,1,1,1,0,0,3,3,0,4,3,4,0,7,0,1,2,9,0,2,1,0,0,1,8,3,5,0,3,1,0,2,1,0,0,5,6,3,3,0,5,5,0,14,0,2,7,0,0,1,12,1,0,11,4.0,0.0,0.0,2.0,0.0,1.0,0.0
125,0,1,0,0,0,0,1,4,0,5,3,5,5,0,5,0,3,0,0,0,15,0,0,0,5,5,7,2,0,1,0,2,2,3,1,1,11,6,2,0,0,1,0,0,19,0,0,8,0,0,0,10,3,0,5,2.0,0.0,1.0,2.0,0.0,0.0,0.0
126,0,2,0,0,0,0,4,2,1,1,2,1,2,1,4,0,4,0,4,1,3,0,0,0,3,6,2,2,2,4,0,3,3,2,2,1,4,1,4,2,0,12,2,0,17,1,1,10,0,0,0,6,2,0,7,6.0,0.0,0.0,3.0,0.0,0.0,0.0
127,0,0,1,0,1,1,1,3,3,3,3,1,2,5,1,0,0,0,2,0,11,0,0,0,3,7,1,2,4,2,0,6,1,1,1,1,0,6,1,5,0,13,3,0,19,3,0,11,0,0,1,6,1,0,9,5.0,0.0,0.0,3.0,1.0,0.0,0.0
128,0,0,2,1,0,1,3,4,2,2,0,4,3,0,1,0,7,0,13,0,3,0,0,0,2,5,6,2,2,0,1,1,4,0,0,0,4,1,2,4,1,11,1,1,13,1,1,8,1,0,0,4,1,0,9,4.0,0.0,0.0,3.0,0.0,0.0,0.0
129,0,1,1,0,1,0,1,7,4,3,8,4,5,3,8,0,9,0,2,0,16,0,0,0,5,11,5,5,5,0,0,2,2,5,1,0,6,2,6,4,1,12,3,1,21,2,0,13,0,1,0,15,0,1,9,6.0,0.0,0.0,3.0,1.0,1.0,0.0
130,0,0,3,3,0,1,3,1,5,2,3,5,3,6,3,1,9,3,7,0,4,0,0,0,5,7,6,1,8,3,0,3,3,7,1,0,10,5,4,1,1,13,5,0,21,3,0,10,0,0,0,10,0,0,7,6.0,0.0,2.0,3.0,0.0,1.0,0.0
131,0,0,0,0,0,1,2,4,4,2,8,2,2,3,5,0,1,2,6,0,0,0,0,0,2,6,3,4,1,0,1,2,0,2,1,3,3,5,2,4,0,8,3,0,16,0,1,10,1,0,0,6,4,0,9,5.0,0.0,0.0,2.0,1.0,1.0,0.0
132,0,0,2,0,0,1,3,4,4,1,5,2,4,3,5,0,2,2,3,0,1,0,0,0,1,3,3,6,0,2,0,2,2,3,3,0,6,3,6,2,0,6,2,0,14,0,2,7,3,0,0,7,1,0,10,4.0,0.0,0.0,2.0,1.0,1.0,0.0
133,0,2,2,1,0,1,6,4,1,2,1,1,4,1,2,0,7,2,6,0,1,0,0,0,2,5,2,3,3,3,1,1,3,2,0,2,5,2,5,2,0,10,3,0,14,1,1,4,3,0,0,9,3,0,8,3.0,0.0,2.0,2.0,0.0,1.0,0.0
134,0,1,4,0,1,0,0,4,6,2,3,2,3,0,4,0,5,0,5,0,1,0,0,0,1,3,3,2,1,2,0,1,2,2,1,3,6,4,5,2,0,6,2,0,9,4,0,4,2,1,0,6,4,0,9,1.0,0.0,0.0,1.0,0.0,1.0,0.0
135,1,1,1,1,1,1,3,3,5,1,0,4,2,0,1,0,3,0,3,0,3,0,0,0,3,6,3,1,2,2,1,1,1,2,0,0,7,3,2,1,0,4,0,0,15,1,1,9,2,0,0,7,0,0,6,4.0,0.0,1.0,3.0,1.0,0.0,0.0
136,0,0,2,0,1,1,0,3,2,3,2,1,1,4,1,0,1,0,5,0,10,0,0,0,5,5,1,4,3,3,0,4,0,0,2,1,0,1,6,2,1,8,3,2,19,3,0,10,0,0,1,5,1,1,11,5.0,0.0,0.0,3.0,0.0,0.0,0.0
137,0,3,1,1,0,1,2,2,3,0,4,5,1,0,6,0,3,0,3,1,10,0,0,0,8,2,5,3,2,2,0,2,2,8,0,0,6,7,1,2,0,5,1,0,15,3,0,11,0,0,0,10,0,0,7,2.0,0.0,0.0,1.0,0.0,1.0,1.0
138,1,0,1,0,0,0,0,1,2,2,6,1,2,2,5,0,2,0,4,0,8,0,0,0,5,3,5,2,2,0,0,1,5,5,0,1,2,4,3,0,0,2,0,0,13,1,0,6,0,0,0,7,2,0,5,2.0,0.0,0.0,2.0,0.0,1.0,0.0
139,0,2,1,0,1,2,4,2,4,2,1,7,5,2,4,0,6,0,3,1,1,1,0,0,1,3,2,3,4,2,1,1,0,1,1,0,3,6,2,4,1,6,7,0,16,4,1,5,1,0,0,11,2,0,11,2.0,0.0,0.0,1.0,0.0,1.0,0.0
140,0,2,1,0,1,5,2,6,6,3,6,1,7,4,6,0,5,1,2,1,9,0,0,0,4,8,0,2,10,3,0,2,4,2,0,0,7,4,3,4,0,8,6,0,20,2,0,9,1,0,0,8,0,0,8,6.0,0.0,0.0,3.0,0.0,1.0,0.0
141,0,2,0,0,0,0,2,8,2,2,1,1,1,0,1,0,7,0,2,0,9,0,0,0,2,7,5,4,3,1,0,2,2,1,2,0,3,3,3,2,0,12,4,1,16,2,0,7,0,0,0,9,0,0,9,2.0,0.0,0.0,2.0,0.0,0.0,0.0
142,0,0,0,0,1,9,0,0,1,1,4,2,2,6,0,0,4,1,0,2,3,0,0,0,5,2,3,1,0,0,0,4,5,2,0,0,5,0,0,2,0,3,4,0,19,0,0,16,0,0,0,1,0,0,2,2.0,0.0,0.0,2.0,0.0,1.0,0.0
143,0,5,0,0,0,2,2,7,1,7,5,3,5,2,7,0,12,4,0,0,20,0,0,0,10,4,6,4,4,2,2,3,2,4,2,1,4,5,5,3,0,13,5,6,24,0,0,15,0,0,0,16,4,0,9,4.0,0.0,0.0,2.0,0.0,1.0,0.0
144,0,1,1,0,1,0,1,4,1,4,7,4,4,3,8,0,6,1,5,0,11,0,0,0,5,8,5,4,4,0,0,2,4,6,1,1,7,3,1,2,1,12,4,0,20,3,0,9,0,0,1,13,2,0,8,5.0,0.0,0.0,3.0,1.0,1.0,0.0
145,1,0,0,0,1,0,1,3,5,1,0,2,2,0,1,0,4,0,6,0,1,1,1,1,0,2,3,2,2,2,1,0,0,2,0,1,3,4,2,1,0,6,1,0,8,0,1,4,2,0,0,5,3,0,6,2.0,0.0,0.0,1.0,0.0,0.0,0.0
146,0,1,2,1,0,0,5,3,2,8,6,4,7,2,12,0,10,2,0,0,24,0,0,0,7,8,5,4,7,1,0,1,4,8,1,0,12,5,0,3,0,6,0,0,23,0,0,9,0,0,0,17,1,0,10,4.0,0.0,2.0,2.0,0.0,1.0,0.0
147,0,4,3,1,1,0,3,3,1,3,0,1,7,1,1,0,8,1,8,1,2,1,0,0,3,2,3,4,2,0,1,0,2,2,1,0,4,6,0,2,0,5,2,0,14,2,2,6,1,0,0,9,1,0,6,2.0,0.0,0.0,1.0,0.0,1.0,1.0
148,0,1,2,1,0,0,3,1,3,3,8,0,4,3,6,0,7,3,0,0,15,0,0,0,7,8,4,6,2,0,0,2,2,4,0,0,2,5,4,3,0,8,1,0,20,2,0,13,0,0,0,11,1,0,10,6.0,0.0,0.0,3.0,0.0,1.0,0.0
149,0,2,2,1,0,0,4,5,1,5,1,2,3,1,6,0,7,0,8,0,3,1,0,0,3,3,4,3,2,2,1,0,2,4,1,0,8,6,0,2,0,5,2,0,14,2,3,6,0,0,0,10,1,0,5,2.0,0.0,0.0,1.0,0.0,1.0,1.0
150,0,5,3,0,1,0,2,1,2,2,0,1,6,1,2,0,3,2,2,1,0,1,1,1,1,1,1,1,5,1,2,0,1,2,2,0,5,5,6,1,0,6,0,0,10,1,2,3,2,0,0,6,2,0,9,1.0,0.0,0.0,1.0,0.0,1.0,1.0
151,0,0,2,2,0,0,4,5,4,2,2,5,3,1,4,0,7,2,11,0,1,0,0,0,1,7,5,5,0,2,1,0,3,5,0,1,7,5,3,2,0,8,6,0,17,2,3,11,0,0,0,11,2,0,5,4.0,0.0,0.0,2.0,0.0,1.0,0.0
152,0,7,2,1,1,1,1,3,4,5,1,1,4,0,7,0,6,5,6,0,2,1,0,0,3,2,7,1,6,4,1,2,0,6,1,0,6,7,1,3,1,8,5,0,18,4,2,6,1,0,0,12,1,0,9,2.0,0.0,2.0,1.0,0.0,1.0,0.0
153,0,0,4,1,0,0,5,4,3,2,4,1,4,1,5,1,3,6,4,0,1,1,1,0,1,5,3,5,2,1,2,0,3,3,1,0,6,7,1,2,0,8,5,0,13,1,3,4,1,0,0,15,2,0,7,2.0,0.0,0.0,1.0,0.0,1.0,0.0
154,0,0,0,1,0,1,4,8,3,1,1,3,4,1,5,0,6,1,2,0,4,0,0,0,2,3,5,5,1,2,0,2,3,0,0,0,8,4,2,0,0,6,0,0,15,0,1,6,1,0,0,12,0,0,6,4.0,0.0,0.0,2.0,1.0,1.0,0.0
155,0,4,1,0,1,3,1,4,1,4,2,4,7,5,2,0,5,2,4,1,1,0,0,0,1,5,2,4,4,2,1,1,1,3,0,0,6,4,3,4,1,11,5,1,17,3,1,6,1,0,0,9,0,0,13,3.0,0.0,0.0,1.0,0.0,1.0,0.0
156,0,2,1,1,0,0,2,4,5,2,4,4,2,0,5,2,4,6,4,1,0,1,0,0,2,6,1,4,3,2,3,1,3,3,0,1,6,3,4,1,2,5,4,2,16,2,2,6,3,0,0,10,4,0,9,3.0,0.0,0.0,1.0,0.0,1.0,0.0
157,0,1,1,0,1,1,1,6,4,1,2,3,3,0,3,0,10,0,2,0,15,0,0,0,9,6,3,2,2,1,0,2,2,2,1,0,2,3,6,1,0,10,8,2,21,2,0,13,0,0,1,6,2,1,7,6.0,0.0,0.0,4.0,1.0,0.0,0.0
158,0,2,1,0,1,7,2,2,5,1,6,2,2,2,7,0,7,5,0,1,20,0,0,0,7,4,7,6,0,0,0,2,5,4,0,1,8,4,0,3,0,8,4,0,28,0,0,13,0,0,0,7,1,0,7,6.0,0.0,0.0,3.0,0.0,1.0,0.0
159,0,1,2,0,1,1,0,4,4,0,6,2,2,0,7,0,5,0,3,0,11,0,0,0,6,5,5,3,4,0,0,1,2,1,0,0,2,2,3,4,0,8,4,2,19,2,0,12,0,0,1,7,0,0,10,4.0,0.0,0.0,2.0,0.0,1.0,0.0
160,0,1,3,0,0,1,5,5,2,0,2,3,3,5,5,0,8,2,5,0,3,0,0,0,2,7,4,3,1,3,1,2,5,3,1,0,5,7,2,2,0,8,1,0,16,1,1,7,2,0,0,12,1,0,6,4.0,0.0,2.0,2.0,1.0,1.0,0.0
161,0,0,1,0,1,3,0,4,5,1,1,2,1,4,2,0,3,0,2,0,13,0,0,0,5,8,1,3,4,0,0,4,0,1,3,0,1,3,7,4,1,13,2,1,20,2,0,12,0,1,0,6,1,1,9,6.0,0.0,0.0,3.0,0.0,0.0,0.0
162,0,3,0,1,0,0,5,3,4,1,7,3,3,1,6,1,4,9,0,0,23,0,0,0,8,8,4,4,0,2,2,2,1,8,2,1,2,9,3,4,1,18,4,1,21,0,0,13,2,0,0,16,6,0,11,3.0,0.0,0.0,2.0,0.0,1.0,0.0
163,0,2,3,0,0,1,1,2,3,4,1,3,3,1,7,0,8,2,6,0,3,0,0,0,2,4,5,5,2,4,2,1,0,5,1,0,6,6,2,4,0,5,4,0,16,2,1,7,3,0,0,10,1,0,9,3.0,0.0,3.0,3.0,1.0,1.0,0.0
164,0,4,0,2,0,0,3,4,3,3,4,2,3,0,5,1,6,10,0,1,19,0,0,0,9,7,1,6,3,1,0,2,1,6,3,0,3,5,3,6,0,9,8,4,21,0,0,13,0,0,0,12,3,0,12,3.0,0.0,0.0,2.0,0.0,1.0,0.0
165,0,0,1,1,0,1,4,7,4,1,2,2,3,1,4,0,6,0,7,0,1,0,0,0,3,4,5,1,6,3,0,1,4,0,0,0,5,6,2,2,0,7,1,0,15,1,1,5,1,0,0,10,1,0,7,3.0,0.0,0.0,2.0,0.0,1.0,0.0
166,0,0,2,1,0,2,2,2,6,2,2,3,1,8,2,0,5,1,7,0,2,0,0,0,2,4,3,5,1,2,1,3,1,2,0,2,2,6,1,3,0,7,5,0,15,0,2,8,2,0,0,6,1,0,7,4.0,0.0,2.0,2.0,1.0,1.0,0.0
167,1,6,0,1,2,0,1,0,4,3,0,5,6,1,3,0,0,1,2,0,0,1,1,1,0,1,4,1,4,0,2,0,0,5,0,0,9,5,2,1,0,3,1,0,10,1,2,2,2,0,0,7,0,0,5,1.0,0.0,0.0,1.0,0.0,1.0,1.0
168,0,2,1,0,1,5,4,3,1,7,4,2,7,4,3,0,3,1,4,1,2,0,0,0,2,7,2,2,2,4,1,0,3,3,3,2,4,1,3,6,0,8,6,3,17,0,2,9,0,0,0,7,1,0,7,5.0,0.0,0.0,3.0,0.0,1.0,0.0
169,0,0,3,0,1,0,0,3,4,2,3,4,1,1,3,0,4,0,2,0,11,0,0,0,2,7,4,3,4,0,0,1,3,1,1,0,4,2,4,5,0,11,4,0,16,3,0,8,0,1,0,8,1,0,11,3.0,0.0,0.0,2.0,0.0,1.0,0.0
170,0,1,1,0,1,0,1,2,3,4,8,2,4,1,5,0,7,1,3,0,10,0,0,0,5,6,3,4,3,1,0,2,3,4,1,0,0,6,2,1,0,10,5,2,18,3,0,9,0,0,1,8,0,0,7,4.0,0.0,0.0,3.0,0.0,1.0,0.0
171,0,0,5,1,0,0,2,7,5,2,2,4,5,1,3,1,2,8,4,0,2,1,1,0,1,3,3,4,2,3,2,0,0,6,1,1,7,7,0,2,0,10,5,0,13,1,4,5,1,0,0,13,2,0,7,2.0,0.0,0.0,1.0,0.0,1.0,0.0
172,0,0,1,2,0,0,9,4,2,8,7,4,7,2,8,0,7,2,7,0,1,0,0,0,1,6,4,7,5,3,0,1,8,2,1,0,8,6,4,1,0,7,0,0,19,1,1,9,0,0,0,9,1,0,8,4.0,0.0,0.0,2.0,0.0,1.0,0.0
173,0,0,0,1,0,0,6,6,1,5,2,2,0,2,4,0,5,1,4,1,1,0,0,0,1,5,4,2,4,1,2,2,5,0,0,1,6,5,1,3,0,9,2,0,16,0,1,7,1,0,0,10,2,0,5,5.0,0.0,0.0,2.0,0.0,1.0,0.0
174,0,0,1,1,0,0,5,5,3,1,5,2,3,2,2,0,4,0,17,0,2,0,0,0,1,13,5,4,1,0,1,0,4,4,0,1,7,4,4,2,1,10,3,0,19,2,2,17,0,0,0,7,0,0,6,6.0,0.0,0.0,3.0,1.0,0.0,0.0
175,0,0,2,1,0,0,6,0,2,1,5,5,0,2,5,0,4,0,4,0,8,0,0,0,5,12,1,1,4,4,0,1,5,5,1,0,8,7,3,1,2,12,2,0,24,2,0,16,0,0,0,10,1,0,6,8.0,0.0,0.0,4.0,0.0,0.0,0.0
176,0,3,2,1,0,0,6,4,2,4,0,0,6,1,2,0,5,0,6,0,0,0,0,0,0,6,2,1,4,4,1,0,3,2,1,1,5,2,5,2,0,7,4,0,12,1,1,3,2,0,0,8,2,0,10,3.0,0.0,1.0,2.0,0.0,1.0,0.0
177,0,2,3,1,0,0,5,6,3,2,1,3,2,4,4,0,9,3,4,0,9,0,0,0,6,3,6,2,4,7,1,1,6,4,0,0,6,5,3,1,0,8,1,0,20,2,0,7,1,0,0,14,0,0,8,4.0,0.0,2.0,2.0,0.0,1.0,0.0
178,0,0,1,0,0,1,5,5,3,1,4,1,4,3,4,0,2,2,3,0,0,0,0,0,1,5,3,4,3,2,0,2,4,1,2,1,5,2,5,2,0,7,2,0,14,0,1,6,2,0,0,10,2,0,10,4.0,0.0,0.0,2.0,1.0,1.0,0.0
179,0,0,2,0,0,0,1,3,1,2,1,3,2,0,3,0,7,0,1,0,11,0,0,0,4,5,7,2,4,3,0,2,1,4,1,0,5,5,4,4,1,14,1,1,18,2,0,7,0,0,0,12,3,0,9,2.0,0.0,0.0,2.0,0.0,0.0,0.0
180,0,2,1,0,1,2,3,2,3,2,1,6,4,3,4,0,3,1,6,1,1,1,0,1,1,1,3,2,4,5,1,0,0,1,2,0,2,6,2,3,0,9,4,0,12,0,1,4,0,1,1,6,4,0,10,3.0,0.0,0.0,2.0,0.0,1.0,0.0
181,0,2,0,0,0,3,4,3,5,1,1,1,4,3,3,0,6,1,0,0,21,0,0,0,7,10,2,2,1,2,2,6,0,4,1,0,1,4,3,5,2,15,3,2,26,0,0,18,0,0,0,11,1,0,10,5.0,0.0,0.0,3.0,1.0,0.0,0.0
182,0,3,0,1,0,0,2,1,3,4,6,1,3,2,6,0,4,8,8,0,0,0,0,0,3,10,2,5,0,2,0,1,4,3,1,2,8,0,6,0,4,6,9,4,19,0,2,10,0,0,0,13,1,0,8,6.0,0.0,0.0,3.0,0.0,1.0,0.0
183,0,2,1,1,0,2,6,7,3,0,4,1,3,6,9,0,9,1,6,0,0,0,0,0,1,5,7,0,6,2,0,3,4,2,0,2,5,4,2,1,0,10,2,1,15,1,1,7,0,0,0,14,3,0,7,5.0,0.0,2.0,2.0,1.0,1.0,0.0
184,0,1,2,1,2,0,2,4,0,2,1,4,0,0,3,0,0,0,4,0,2,0,0,0,2,3,3,2,2,2,0,2,1,2,1,1,6,4,3,1,0,9,0,0,12,4,0,7,0,0,0,9,1,0,6,2.0,0.0,0.0,2.0,0.0,0.0,0.0
185,0,1,1,0,1,1,2,2,2,1,2,4,4,0,4,0,8,3,3,1,0,0,0,0,2,4,2,3,2,4,1,2,3,0,3,0,4,6,2,2,0,8,1,1,14,0,1,7,2,0,0,6,4,0,6,4.0,0.0,0.0,2.0,1.0,1.0,0.0
186,0,4,0,0,0,0,1,6,1,6,7,1,5,1,6,0,12,5,0,0,21,0,0,0,10,8,2,4,5,2,0,2,0,7,3,0,3,5,5,4,0,13,5,5,21,0,0,13,0,0,0,17,3,0,11,3.0,0.0,0.0,2.0,0.0,1.0,0.0
187,0,0,2,1,0,0,2,6,0,4,2,4,2,0,6,0,2,0,0,0,9,0,0,0,4,3,1,7,2,2,0,2,1,3,1,1,8,7,2,2,0,4,0,0,14,2,0,6,2,0,0,10,1,0,6,2.0,0.0,0.0,2.0,0.0,0.0,0.0
188,0,0,1,0,0,0,3,3,6,1,2,5,1,4,3,0,4,1,3,0,2,0,0,0,1,4,3,3,1,2,1,2,1,4,0,1,4,5,1,2,0,9,4,0,14,0,2,7,2,0,0,5,2,0,6,4.0,0.0,0.0,2.0,1.0,1.0,0.0
189,0,1,0,3,0,1,4,3,3,0,6,2,5,1,9,0,6,1,6,0,7,0,0,0,5,4,9,2,2,1,1,2,2,6,1,0,4,2,5,3,0,4,4,2,16,2,0,10,0,0,0,8,1,0,8,3.0,0.0,3.0,3.0,1.0,1.0,0.0
190,0,1,1,0,1,4,5,3,2,3,5,3,1,0,10,0,5,1,1,1,9,0,0,0,4,1,4,6,3,2,1,1,4,2,1,0,3,6,3,3,0,10,2,1,16,4,0,7,2,0,0,11,2,0,8,2.0,0.0,0.0,1.0,0.0,1.0,0.0
191,0,2,2,0,0,1,3,4,3,4,1,1,3,1,8,0,6,1,11,0,3,1,0,0,5,2,6,2,5,2,1,1,1,6,1,0,7,7,0,2,0,5,2,0,16,3,2,7,0,0,0,11,1,0,4,2.0,0.0,2.0,1.0,0.0,1.0,1.0
192,0,0,1,0,1,1,2,2,2,1,5,2,6,3,3,0,1,2,3,1,0,0,0,0,2,2,3,6,0,5,0,2,3,0,3,0,4,1,5,2,0,9,1,0,14,0,1,7,2,0,0,6,1,0,12,4.0,0.0,0.0,2.0,1.0,1.0,0.0
193,0,4,1,0,1,2,5,4,3,3,2,3,4,2,1,0,7,2,4,1,1,1,1,0,1,2,3,2,4,4,2,0,0,3,3,0,3,7,1,2,0,10,7,0,13,1,3,5,1,1,0,11,5,0,9,2.0,0.0,0.0,1.0,0.0,1.0,0.0
194,0,1,0,0,0,2,4,3,3,3,4,2,2,2,1,0,4,0,0,3,12,0,0,0,4,6,0,4,4,0,0,6,1,3,0,0,1,3,3,2,1,14,3,1,20,1,0,14,0,1,0,5,0,1,6,6.0,0.0,0.0,3.0,1.0,0.0,0.0
195,0,0,1,0,1,1,1,3,5,2,3,2,3,1,4,0,4,0,2,0,13,0,0,0,3,9,1,2,5,0,0,7,1,0,1,0,0,2,5,4,1,12,3,1,21,2,0,13,0,1,0,6,0,1,9,6.0,0.0,0.0,3.0,1.0,0.0,0.0
196,0,1,2,0,0,0,4,1,3,2,6,2,1,1,6,0,6,0,4,0,10,0,0,0,10,5,1,4,2,3,1,2,5,2,5,0,4,5,3,1,0,10,2,0,21,2,0,13,0,0,0,9,3,0,8,6.0,0.0,2.0,4.0,1.0,0.0,0.0
197,0,2,3,0,1,0,2,2,2,2,0,5,2,0,4,0,6,3,3,1,2,0,0,0,0,5,1,5,3,1,2,0,2,0,1,1,6,3,3,4,0,5,3,1,14,1,1,6,4,0,0,9,2,0,10,3.0,0.0,1.0,3.0,1.0,1.0,0.0
198,0,0,1,1,1,0,5,5,2,1,2,5,2,0,3,0,10,3,11,1,0,0,0,0,1,7,4,5,1,0,1,0,5,2,0,2,5,5,2,5,0,10,6,0,17,2,2,11,1,0,0,8,3,0,5,4.0,0.0,0.0,2.0,0.0,1.0,0.0
199,0,3,1,2,1,3,1,1,1,1,2,3,3,6,0,0,2,0,10,0,2,0,0,0,1,4,5,0,1,2,0,3,3,1,3,0,3,3,3,2,0,7,1,0,11,1,0,8,0,0,0,1,1,0,8,5.0,1.0,0.0,2.0,0.0,0.0,0.0
200,0,2,0,0,0,0,4,1,2,2,5,1,1,1,4,0,11,4,2,1,10,0,0,0,8,2,5,5,3,0,0,2,4,3,1,0,1,6,2,2,0,8,4,3,17,2,0,11,0,0,0,10,3,0,8,5.0,0.0,0.0,3.0,0.0,1.0,0.0
201,0,0,3,1,0,0,2,6,1,3,2,3,3,0,7,0,0,0,2,0,5,0,0,0,3,4,2,4,1,0,0,2,1,2,1,0,8,5,3,3,0,6,0,0,13,2,0,7,0,0,0,9,2,0,6,2.0,0.0,0.0,2.0,0.0,0.0,0.0
202,0,4,0,0,0,0,1,5,1,7,3,3,5,1,6,0,13,6,0,0,16,0,0,0,9,6,2,7,5,2,0,2,3,5,3,0,7,5,5,4,0,13,5,5,21,0,0,13,0,0,0,17,4,0,10,3.0,0.0,0.0,2.0,0.0,1.0,0.0
203,0,0,4,2,0,0,3,5,4,2,3,5,2,0,5,2,6,2,4,0,1,1,0,0,1,5,4,3,2,4,3,0,4,2,1,1,8,4,3,2,2,9,1,5,16,2,3,6,4,0,0,11,3,0,10,3.0,0.0,0.0,1.0,0.0,1.0,0.0
204,1,5,0,2,3,1,2,3,4,3,1,1,6,0,6,0,3,1,5,0,1,1,1,1,0,3,1,4,4,0,2,1,0,2,1,0,5,8,2,1,0,3,1,0,11,1,3,3,3,0,0,8,0,0,6,1.0,0.0,2.0,1.0,0.0,1.0,1.0
205,1,2,0,1,1,0,2,0,2,2,0,2,3,2,2,0,1,1,4,0,0,0,0,1,0,1,2,1,3,4,2,0,0,2,0,0,9,7,1,1,0,2,0,0,8,0,1,3,3,0,0,8,0,0,5,2.0,0.0,0.0,1.0,0.0,1.0,0.0
206,0,0,0,0,1,1,1,1,4,1,3,4,1,3,3,0,4,3,3,1,1,0,0,0,2,3,3,3,1,5,1,2,2,1,0,1,2,4,1,2,0,11,4,0,14,0,1,7,1,0,0,4,2,0,7,4.0,0.0,0.0,2.0,1.0,1.0,0.0
207,1,6,0,1,2,0,1,0,2,3,0,4,1,1,3,0,4,0,4,0,0,0,1,1,0,1,4,2,5,2,3,0,0,4,0,0,9,6,0,2,0,1,0,0,9,1,1,2,2,0,0,11,1,0,2,2.0,0.0,0.0,1.0,0.0,1.0,1.0
208,0,0,3,1,0,0,4,3,5,2,3,6,2,2,5,1,9,4,4,0,3,0,0,0,2,9,4,0,8,3,0,2,4,4,2,0,10,1,4,1,1,13,5,0,19,3,0,9,0,0,0,8,0,0,8,6.0,0.0,0.0,3.0,0.0,1.0,0.0
209,0,0,2,0,0,0,1,4,0,0,2,4,4,0,8,0,3,0,4,0,2,0,0,0,2,4,3,4,2,1,0,2,0,3,0,4,5,9,4,0,0,8,1,0,16,2,0,8,2,0,0,9,6,0,6,2.0,0.0,0.0,2.0,0.0,0.0,0.0
210,0,0,1,0,1,1,0,1,2,3,2,3,4,0,1,0,4,0,3,1,9,0,0,0,3,4,0,3,3,0,0,7,1,0,1,0,0,5,1,5,0,10,4,0,19,3,0,12,0,0,1,4,1,0,7,5.0,0.0,0.0,3.0,0.0,0.0,0.0
211,0,0,4,1,0,0,1,1,1,1,0,3,2,0,0,0,3,0,4,0,2,0,0,0,2,2,2,1,5,1,3,1,0,0,2,1,3,5,4,0,0,6,2,0,12,4,0,4,0,1,0,7,2,0,5,2.0,0.0,0.0,2.0,0.0,0.0,0.0
212,0,2,0,0,0,0,1,7,2,2,3,1,0,0,1,0,4,0,1,0,12,0,0,0,4,5,8,2,1,0,0,2,0,1,0,0,3,1,4,1,0,13,3,0,16,2,0,9,0,0,0,10,0,0,9,2.0,0.0,0.0,2.0,0.0,0.0,0.0
213,0,6,2,2,0,0,7,6,1,6,2,1,1,3,5,0,2,2,5,0,1,0,0,0,1,6,5,5,1,6,2,0,6,2,1,1,8,9,3,0,0,2,0,0,16,1,1,6,1,0,0,13,3,0,6,4.0,0.0,0.0,2.0,0.0,1.0,0.0
214,0,2,1,0,1,3,4,2,4,1,2,6,3,2,5,0,3,1,3,1,1,1,0,0,1,3,1,4,3,1,1,1,1,0,1,0,4,4,3,2,1,7,7,0,16,4,1,6,1,0,0,10,3,0,11,2.0,0.0,0.0,1.0,0.0,1.0,0.0
215,0,2,0,2,0,3,4,6,1,3,2,4,3,4,2,0,4,3,12,0,1,0,0,0,3,5,7,2,1,4,0,4,1,4,1,2,3,4,6,2,1,9,5,1,17,0,2,10,1,0,0,7,3,0,6,7.0,0.0,0.0,3.0,1.0,0.0,0.0
216,0,0,1,1,0,0,7,7,2,2,4,3,2,1,6,0,7,3,11,0,0,0,0,0,1,9,5,6,0,0,1,0,6,2,0,1,5,6,3,2,0,8,6,0,17,2,2,10,0,0,0,12,2,0,3,4.0,0.0,0.0,2.0,0.0,1.0,0.0
217,0,2,0,0,0,4,3,4,3,3,2,2,2,1,1,0,6,0,0,2,14,0,0,0,4,6,0,4,4,0,0,9,1,3,0,0,1,3,3,2,1,15,3,1,23,1,0,17,0,1,0,5,0,1,6,7.0,0.0,0.0,3.0,1.0,0.0,0.0
218,0,7,3,2,1,0,3,4,6,4,1,2,4,1,5,0,6,4,3,0,1,1,0,0,4,3,5,1,9,2,1,1,1,4,1,0,7,6,1,3,1,8,5,0,19,3,2,8,1,0,0,11,1,0,9,3.0,0.0,0.0,1.0,0.0,1.0,0.0
219,0,2,1,0,0,1,3,4,3,1,2,2,2,2,7,0,1,0,6,0,1,0,0,0,1,2,4,2,6,1,1,2,4,1,0,0,3,3,2,2,0,9,2,0,14,3,1,4,1,0,0,6,1,0,6,4.0,1.0,0.0,2.0,0.0,0.0,0.0
220,0,4,0,2,0,1,5,5,3,4,6,1,3,1,6,0,6,7,0,0,16,0,0,0,9,7,1,5,4,3,0,2,2,6,3,0,6,3,5,3,0,9,9,4,21,0,0,13,0,0,0,14,3,0,10,3.0,0.0,0.0,2.0,0.0,1.0,0.0
221,0,0,1,0,0,1,3,7,3,5,2,4,2,1,5,0,2,0,0,0,13,0,0,0,5,3,11,4,0,3,0,2,4,0,0,0,5,8,3,3,0,8,1,0,21,0,0,8,0,0,0,10,1,0,8,2.0,0.0,0.0,2.0,0.0,0.0,0.0
222,0,4,1,0,1,3,3,3,2,2,4,6,2,2,4,1,6,1,4,1,0,1,1,0,1,4,2,0,5,3,2,0,2,2,1,1,4,8,1,1,0,9,7,1,14,1,3,6,1,1,0,10,4,0,4,2.0,0.0,0.0,1.0,0.0,1.0,0.0
223,0,0,1,1,1,0,4,4,2,2,2,4,3,1,2,0,8,4,11,1,0,0,0,0,1,6,5,5,0,0,1,0,4,2,0,1,3,6,3,2,0,9,6,0,17,2,2,11,1,0,0,8,2,0,5,4.0,0.0,0.0,2.0,0.0,1.0,0.0
224,0,4,1,1,1,0,3,3,1,1,1,2,4,0,6,0,4,0,5,1,0,1,1,0,1,1,3,2,3,4,2,0,1,3,1,0,9,2,2,4,0,3,0,0,11,1,2,3,2,0,0,7,0,0,6,2.0,0.0,0.0,1.0,0.0,1.0,0.0
225,0,0,1,0,1,1,1,4,4,3,2,1,4,1,1,0,5,0,0,0,10,0,0,0,4,7,0,1,4,0,0,6,1,1,2,1,0,0,5,9,0,9,8,1,19,2,0,14,0,0,1,6,2,1,12,4.0,0.0,0.0,3.0,1.0,0.0,0.0
226,0,2,1,0,1,5,5,1,3,5,5,5,6,5,4,0,6,2,2,1,8,0,0,0,4,8,0,3,8,5,0,2,4,3,1,2,4,3,2,7,0,13,3,1,19,2,0,10,0,0,0,8,3,0,6,6.0,0.0,0.0,3.0,0.0,1.0,0.0
227,0,0,3,1,1,0,2,3,2,2,2,3,2,1,6,0,2,0,3,1,0,0,0,1,1,1,2,2,2,5,2,0,1,2,0,1,10,4,1,2,0,3,0,0,8,0,0,3,2,0,0,8,0,0,4,2.0,0.0,0.0,1.0,0.0,1.0,0.0
228,1,4,1,3,2,0,2,2,4,0,0,1,3,0,7,0,4,1,8,0,1,1,1,0,1,2,2,6,2,3,2,1,0,2,1,0,6,8,0,2,0,1,0,0,13,1,3,3,3,0,0,9,0,0,6,2.0,0.0,2.0,1.0,0.0,1.0,0.0
229,1,6,0,1,1,0,1,1,2,1,0,3,1,2,2,0,5,1,4,0,1,0,0,0,2,3,5,4,3,2,0,1,3,0,0,0,9,3,2,2,0,5,0,0,14,1,1,8,1,0,0,12,0,0,6,3.0,0.0,0.0,2.0,0.0,1.0,0.0
230,0,0,1,2,3,0,1,2,4,1,1,3,3,1,7,0,7,1,5,0,2,0,1,0,2,3,4,1,3,1,0,1,1,2,0,1,7,7,3,1,0,8,0,0,12,1,5,6,0,0,0,8,1,0,8,3.0,0.0,0.0,2.0,0.0,1.0,0.0
231,0,0,1,2,1,0,4,5,4,1,0,1,4,1,4,0,3,2,6,0,1,0,1,1,1,4,3,2,5,2,0,0,3,1,0,0,4,5,2,3,0,7,2,0,12,0,1,3,0,0,1,10,1,0,8,3.0,0.0,0.0,2.0,0.0,1.0,0.0
232,0,0,2,0,1,1,3,4,6,2,4,3,2,5,1,0,5,0,6,0,7,0,0,0,3,5,8,1,6,0,0,2,1,3,0,0,3,3,4,3,0,8,5,1,18,3,0,7,0,0,1,7,0,0,10,3.0,0.0,2.0,2.0,0.0,1.0,0.0
233,0,3,1,3,0,1,5,2,0,1,2,1,2,2,5,0,5,0,3,0,9,0,0,0,5,7,0,2,3,1,0,5,4,1,3,0,5,3,5,0,0,7,1,0,18,2,0,10,0,0,0,8,3,0,8,5.0,0.0,2.0,3.0,1.0,0.0,0.0
234,0,1,1,1,0,1,4,7,2,4,1,4,5,2,4,0,4,2,0,0,12,0,0,0,3,5,9,3,7,3,0,3,4,1,0,0,7,6,7,0,0,6,0,0,21,1,0,6,0,0,0,14,1,0,11,4.0,1.0,0.0,2.0,0.0,0.0,0.0
235,0,1,1,0,1,1,3,3,2,1,3,2,1,1,4,1,5,6,1,1,7,0,0,0,3,3,4,3,3,2,0,3,3,3,1,0,4,8,2,1,1,5,2,0,15,1,0,8,0,0,0,9,2,0,6,4.0,1.0,0.0,2.0,0.0,1.0,0.0
236,0,0,1,0,0,1,6,4,3,1,6,3,2,2,8,0,4,1,5,0,0,0,0,0,3,7,3,5,2,1,0,1,6,1,1,0,7,1,5,2,0,8,2,0,16,0,1,8,0,0,0,11,0,0,10,5.0,0.0,0.0,2.0,0.0,1.0,0.0
237,0,5,0,0,0,3,3,8,1,7,4,3,5,5,3,0,11,4,0,0,22,0,0,0,10,7,5,4,5,2,0,3,2,5,3,0,7,5,5,4,0,13,5,5,24,0,0,16,0,0,0,17,4,0,12,4.0,0.0,0.0,2.0,0.0,1.0,0.0
238,0,3,0,1,2,0,2,1,1,2,0,4,2,0,0,0,4,0,6,0,2,0,0,0,2,2,4,0,3,0,0,0,0,1,2,1,5,3,2,0,0,4,2,0,10,0,4,5,0,1,0,8,3,0,6,2.0,0.0,0.0,2.0,0.0,0.0,0.0
239,0,1,1,1,1,2,5,3,0,3,0,6,6,2,3,0,1,2,2,1,13,0,0,0,1,7,4,2,5,0,0,1,0,0,1,0,1,2,7,6,0,12,4,0,16,2,0,8,1,1,0,9,1,0,12,3.0,0.0,0.0,2.0,0.0,1.0,0.0
